ME_rank10,mean_Re
1,0.014738853552096275
2,0.013457536957333772
3,0.015117328001699433
4,0.012961890215975424
5,0.010867410286666157
6,0.010150788402600367
7,0.006610195863818697
8,0.005041276934409978
9,0.004517626851851839
10,0.0035970606407878507
